,Ticker Symbol,Company Name_x,CIK Code,GICS Sector,Industry,SASB Industry Classification,Topic
0,MMM,3M,0000066740,Industrials,Industrial Conglomerates,Chemicals,"['Water Management', 'Greenhouse Gas Emissions', 'Energy Management', 'Safety & Environmental Stewardship of Chemicals', 'Hazardous Waste Management']"
1,AOS,A. O. Smith,0000091142,Industrials,Building Products,Electrical And Electronic Equipment,"['Product Lifecycle Management', 'Energy Management', 'Hazardous Waste Management']"
2,ABT,Abbott,0000001800,Health Care,Health Care Equipment,Medical Equipment And Supplies,['Product Design & Lifecycle Management']
3,ABBV,AbbVie,0001551152,Health Care,Biotechnology,Biotechnology And Pharmaceuticals,[]
4,ACN,Accenture,0001467373,Information Technology,IT Consulting & Other Services,Software And It Services,['Environmental Footprint of Hardware Infrastructure']
5,ADBE,Adobe Inc.,0000796343,Information Technology,Application Software,Software And It Services,['Environmental Footprint of Hardware Infrastructure']
6,AMD,Advanced Micro Devices,0000002488,Information Technology,Semiconductors,Apparel Accessories And Footwear,"['Management of Chemicals in Products', 'Environmental Impacts in the Supply Chain']"
7,AES,AES Corporation,0000874761,Utilities,Independent Power Producers & Energy Traders,Electric Utilities And Power Generators,"['Water Management', 'Greenhouse Gas Emissions & Energy Resource Planning']"
8,AFL,Aflac,0000004977,Financials,Life & Health Insurance,Insurance,"['Financed Emissions', 'Incorporation of Environmental, Social and Governance Factors in Investment Management']"
9,A,Agilent Technologies,0001090872,Health Care,Life Sciences Tools & Services,Medical Equipment And Supplies,['Product Design & Lifecycle Management']
10,APD,Air Products and Chemicals,0000002969,Materials,Industrial Gases,Chemicals,"['Water Management', 'Greenhouse Gas Emissions', 'Energy Management', 'Safety & Environmental Stewardship of Chemicals', 'Hazardous Waste Management']"
11,ABNB,Airbnb,0001559720,Consumer Discretionary,"Hotels, Resorts & Cruise Lines",Internet Media And Services,['Environmental Footprint of Hardware Infrastructure']
12,AKAM,Akamai,0001086222,Information Technology,Internet Services & Infrastructure,Software And It Services,['Environmental Footprint of Hardware Infrastructure']
13,ALB,Albemarle Corporation,0000915913,Materials,Specialty Chemicals,Chemicals,"['Water Management', 'Greenhouse Gas Emissions', 'Energy Management', 'Safety & Environmental Stewardship of Chemicals', 'Hazardous Waste Management']"
14,ARE,Alexandria Real Estate Equities,0001035443,Real Estate,Office REITs,Real Estate,"['Energy Management', 'Water Management', 'Management of Tenant Sustainability Impacts']"
15,ALGN,Align Technology,0001097149,Health Care,Health Care Supplies,Medical Equipment And Supplies,['Product Design & Lifecycle Management']
16,ALLE,Allegion,0001579241,Industrials,Building Products,Electrical And Electronic Equipment,"['Product Lifecycle Management', 'Energy Management', 'Hazardous Waste Management']"
17,LNT,Alliant Energy,0000352541,Utilities,Electric Utilities,Electric Utilities And Power Generators,"['Water Management', 'Greenhouse Gas Emissions & Energy Resource Planning']"
18,ALL,Allstate,0000899051,Financials,Property & Casualty Insurance,Insurance,"['Financed Emissions', 'Incorporation of Environmental, Social and Governance Factors in Investment Management']"
19,GOOGL,Alphabet Inc. (Class A),0001652044,Communication Services,Interactive Media & Services,Inexistant,
20,GOOG,Alphabet Inc. (Class C),0001652044,Communication Services,Interactive Media & Services,Internet Media And Services,['Environmental Footprint of Hardware Infrastructure']
21,MO,Altria,0000764180,Consumer Staples,Tobacco,Tobacco,[]
22,AMZN,Amazon,0001018724,Consumer Discretionary,Broadline Retail,E Commerce,['Hardware Infrastructure Energy & Water Management']
23,AMCR,Amcor,0001748790,Materials,Paper & Plastic Packaging Products & Materials,Containers And Packaging,"['Water Management', 'Greenhouse Gas Emissions', 'Waste Management', 'Product Lifecycle Management', 'Energy Management']"
24,AEE,Ameren,0001002910,Utilities,Multi-Utilities,Electric Utilities And Power Generators,"['Water Management', 'Greenhouse Gas Emissions & Energy Resource Planning']"
25,AAL,American Airlines Group,0000006201,Industrials,Passenger Airlines,Airlines,['Greenhouse Gas Emissions']
26,AEP,American Electric Power,0000004904,Utilities,Electric Utilities,Electric Utilities And Power Generators,"['Water Management', 'Greenhouse Gas Emissions & Energy Resource Planning']"
27,AXP,American Express,0000004962,Financials,Consumer Finance,Consumer Finance,[]
28,AIG,American International Group,0000005272,Financials,Multi-line Insurance,Insurance,"['Financed Emissions', 'Incorporation of Environmental, Social and Governance Factors in Investment Management']"
29,AMT,American Tower,0001053507,Real Estate,Telecom Tower REITs,Real Estate,"['Energy Management', 'Water Management', 'Management of Tenant Sustainability Impacts']"
30,AWK,American Water Works,0001410636,Utilities,Water Utilities,Apparel Accessories And Footwear,"['Management of Chemicals in Products', 'Environmental Impacts in the Supply Chain']"
31,AMP,Ameriprise Financial,0000820027,Financials,Asset Management & Custody Banks,Asset Management And Custody Activities,"['Financed Emissions', 'Incorporation of Environmental, Social, and Governance Factors in Investment Management & Advisory']"
32,AME,Ametek,0001037868,Industrials,Electrical Components & Equipment,Electrical And Electronic Equipment,"['Product Lifecycle Management', 'Energy Management', 'Hazardous Waste Management']"
33,AMGN,Amgen,0000318154,Health Care,Biotechnology,Biotechnology And Pharmaceuticals,[]
34,APH,Amphenol,0000820313,Information Technology,Electronic Components,Electrical And Electronic Equipment,"['Product Lifecycle Management', 'Energy Management', 'Hazardous Waste Management']"
35,ADI,Analog Devices,0000006281,Information Technology,Semiconductors,Semiconductors,"['Water Management', 'Greenhouse Gas Emissions', 'Waste Management', 'Product Lifecycle Management', 'Energy Management in Manufacturing']"
36,ANSS,Ansys,0001013462,Information Technology,Application Software,Software And It Services,['Environmental Footprint of Hardware Infrastructure']
37,AON,Aon,0000315293,Financials,Insurance Brokers,Insurance,"['Financed Emissions', 'Incorporation of Environmental, Social and Governance Factors in Investment Management']"
38,APA,APA Corporation,0001841666,Energy,Oil & Gas Exploration & Production,Oil And Gas Exploration And Production,"['Water Management', 'Biodiversity Impacts', 'Greenhouse Gas Emissions']"
39,AAPL,Apple Inc.,0000320193,Information Technology,"Technology Hardware, Storage & Peripherals",Hardware,['Product Lifecycle Management']
40,AMAT,Applied Materials,0000006951,Information Technology,Semiconductor Materials & Equipment,Semiconductors,"['Water Management', 'Greenhouse Gas Emissions', 'Waste Management', 'Product Lifecycle Management', 'Energy Management in Manufacturing']"
41,APTV,Aptiv,0001521332,Consumer Discretionary,Automotive Parts & Equipment,Auto Parts,"['Waste Management', 'Energy Management', 'Design for Fuel Efficiency']"
42,ACGL,Arch Capital Group,0000947484,Financials,Property & Casualty Insurance,Insurance,"['Financed Emissions', 'Incorporation of Environmental, Social and Governance Factors in Investment Management']"
43,ADM,Archer-Daniels-Midland,0000007084,Consumer Staples,Agricultural Products & Services,Agricultural Products,"['Water Management', 'Greenhouse Gas Emissions', 'Energy Management', 'Environmental & Social Impacts of Ingredient Supply Chain']"
44,ANET,Arista Networks,0001596532,Information Technology,Communications Equipment,Apparel Accessories And Footwear,"['Management of Chemicals in Products', 'Environmental Impacts in the Supply Chain']"
45,AJG,Arthur J. Gallagher & Co.,0000354190,Financials,Insurance Brokers,Professional And Commercial Services,[]
46,AIZ,Assurant,0001267238,Financials,Multi-line Insurance,Insurance,"['Financed Emissions', 'Incorporation of Environmental, Social and Governance Factors in Investment Management']"
47,T,AT&T,0000732717,Communication Services,Integrated Telecommunication Services,Telecommunication Services,['Environmental Footprint of Operations']
48,ATO,Atmos Energy,0000731802,Utilities,Gas Utilities,Gas Utilities And Distributors,[]
49,ADSK,Autodesk,0000769397,Information Technology,Application Software,Software And It Services,['Environmental Footprint of Hardware Infrastructure']
50,ADP,Automatic Data Processing,0000008670,Industrials,Human Resource & Employment Services,Software And It Services,['Environmental Footprint of Hardware Infrastructure']
51,AZO,AutoZone,0000866787,Consumer Discretionary,Automotive Retail,Multiline And Specialty Retailers And Distributors,['Energy Management in Retail & Distribution']
52,AVB,AvalonBay Communities,0000915912,Real Estate,Multi-Family Residential REITs,Real Estate,"['Energy Management', 'Water Management', 'Management of Tenant Sustainability Impacts']"
53,AVY,Avery Dennison,0000008818,Materials,Paper & Plastic Packaging Products & Materials,Containers And Packaging,"['Water Management', 'Greenhouse Gas Emissions', 'Waste Management', 'Product Lifecycle Management', 'Energy Management']"
54,AXON,Axon Enterprise,0001069183,Industrials,Aerospace & Defense,Aerospace And Defence,"['Energy Management', 'Fuel Economy & Emissions in Use-phase', 'Hazardous Waste Management']"
55,BKR,Baker Hughes,0001701605,Energy,Oil & Gas Equipment & Services,Oil And Gas Services,"['Emissions Reduction Services & Fuels Management', 'Water Management Services', 'Chemicals Management', 'Ecological Impact Management']"
56,BALL,Ball Corporation,0000009389,Materials,"Metal, Glass & Plastic Containers",Containers And Packaging,"['Water Management', 'Greenhouse Gas Emissions', 'Waste Management', 'Product Lifecycle Management', 'Energy Management']"
57,BAC,Bank of America,0000070858,Financials,Diversified Banks,Commercial Banks,"['Financed Emissions', 'Incorporation of Environmental, Social, and Governance Factors in Credit Analysis']"
58,BK,Bank of New York Mellon,0001390777,Financials,Asset Management & Custody Banks,Asset Management And Custody Activities,"['Financed Emissions', 'Incorporation of Environmental, Social, and Governance Factors in Investment Management & Advisory']"
59,BBWI,"Bath & Body Works, Inc.",0000701985,Consumer Discretionary,Other Specialty Retail,Multiline And Specialty Retailers And Distributors,['Energy Management in Retail & Distribution']
60,BAX,Baxter International,0000010456,Health Care,Health Care Equipment,Medical Equipment And Supplies,['Product Design & Lifecycle Management']
61,BDX,Becton Dickinson,0000010795,Health Care,Health Care Equipment,Medical Equipment And Supplies,['Product Design & Lifecycle Management']
62,BRK.B,Berkshire Hathaway,0001067983,Financials,Multi-Sector Holdings,Insurance,"['Financed Emissions', 'Incorporation of Environmental, Social and Governance Factors in Investment Management']"
63,BBY,Best Buy,0000764478,Consumer Discretionary,Computer & Electronics Retail,Multiline And Specialty Retailers And Distributors,['Energy Management in Retail & Distribution']
64,BIO,Bio-Rad,0000012208,Health Care,Life Sciences Tools & Services,Medical Equipment And Supplies,['Product Design & Lifecycle Management']
65,TECH,Bio-Techne,0000842023,Health Care,Life Sciences Tools & Services,Medical Equipment And Supplies,['Product Design & Lifecycle Management']
66,BIIB,Biogen,0000875045,Health Care,Biotechnology,Biotechnology And Pharmaceuticals,[]
67,BLK,BlackRock,0001364742,Financials,Asset Management & Custody Banks,Asset Management And Custody Activities,"['Financed Emissions', 'Incorporation of Environmental, Social, and Governance Factors in Investment Management & Advisory']"
68,BX,Blackstone,0001393818,Financials,Asset Management & Custody Banks,Asset Management And Custody Activities,"['Financed Emissions', 'Incorporation of Environmental, Social, and Governance Factors in Investment Management & Advisory']"
69,BA,Boeing,0000012927,Industrials,Aerospace & Defense,Aerospace And Defence,"['Energy Management', 'Fuel Economy & Emissions in Use-phase', 'Hazardous Waste Management']"
70,BKNG,Booking Holdings,0001075531,Consumer Discretionary,"Hotels, Resorts & Cruise Lines",Internet Media And Services,['Environmental Footprint of Hardware Infrastructure']
71,BWA,BorgWarner,0000908255,Consumer Discretionary,Automotive Parts & Equipment,Auto Parts,"['Waste Management', 'Energy Management', 'Design for Fuel Efficiency']"
72,BXP,Boston Properties,0001037540,Real Estate,Office REITs,Real Estate,"['Energy Management', 'Water Management', 'Management of Tenant Sustainability Impacts']"
73,BSX,Boston Scientific,0000885725,Health Care,Health Care Equipment,Apparel Accessories And Footwear,"['Management of Chemicals in Products', 'Environmental Impacts in the Supply Chain']"
74,BMY,Bristol Myers Squibb,0000014272,Health Care,Pharmaceuticals,Biotechnology And Pharmaceuticals,[]
75,AVGO,Broadcom Inc.,0001730168,Information Technology,Semiconductors,Semiconductors,"['Water Management', 'Greenhouse Gas Emissions', 'Waste Management', 'Product Lifecycle Management', 'Energy Management in Manufacturing']"
76,BR,Broadridge Financial Solutions,0001383312,Industrials,Data Processing & Outsourced Services,Software And It Services,['Environmental Footprint of Hardware Infrastructure']
77,BRO,Brown & Brown,0000079282,Financials,Insurance Brokers,Professional And Commercial Services,[]
78,BF.B,Brown–Forman,0000014693,Consumer Staples,Distillers & Vintners,Alcoholic Beverages,"['Water Management', 'Energy Management', 'Environmental & Social Impacts of Ingredient Supply Chain', 'Packaging Lifecycle Management']"
79,BLDR,Builders FirstSource,0001316835,Industrials,Building Products,Building Products And Furnishings,"['Energy Management in Manufacturing', 'Product Lifecycle Environmental Impacts', 'Management of Chemicals in Products']"
80,BG,Bunge Global SA,0001996862,Consumer Staples,Agricultural Products & Services,Agricultural Products,"['Water Management', 'Greenhouse Gas Emissions', 'Energy Management', 'Environmental & Social Impacts of Ingredient Supply Chain']"
81,CDNS,Cadence Design Systems,0000813672,Information Technology,Application Software,Software And It Services,['Environmental Footprint of Hardware Infrastructure']
82,CZR,Caesars Entertainment,0001590895,Consumer Discretionary,Casinos & Gaming,Hotels And Lodging,"['Water Management', 'Energy Management', 'Ecological Impacts']"
83,CPT,Camden Property Trust,0000906345,Real Estate,Multi-Family Residential REITs,Real Estate,"['Energy Management', 'Water Management', 'Management of Tenant Sustainability Impacts']"
84,CPB,Campbell Soup Company,0000016732,Consumer Staples,Packaged Foods & Meats,Processed Foods,"['Water Management', 'Energy Management', 'Environmental & Social Impacts of Ingredient Supply Chain', 'Packaging Lifecycle Management']"
85,COF,Capital One,0000927628,Financials,Consumer Finance,Consumer Finance,[]
86,CAH,Cardinal Health,0000721371,Health Care,Health Care Distributors,Health Care Distributors,"['Product Lifecycle Management', 'Fleet Fuel Management']"
87,KMX,CarMax,0001170010,Consumer Discretionary,Automotive Retail,Multiline And Specialty Retailers And Distributors,['Energy Management in Retail & Distribution']
88,CCL,Carnival,0000815097,Consumer Discretionary,"Hotels, Resorts & Cruise Lines",Cruise Lines,"['Greenhouse Gas Emissions', 'Discharge Management & Ecological Impacts']"
89,CARR,Carrier Global,0001783180,Industrials,Building Products,Electrical And Electronic Equipment,"['Product Lifecycle Management', 'Energy Management', 'Hazardous Waste Management']"
90,CTLT,Catalent,0001596783,Health Care,Pharmaceuticals,Biotechnology And Pharmaceuticals,[]
91,CAT,Caterpillar Inc.,0000018230,Industrials,Construction Machinery & Heavy Transportation Equipment,Industrial Machinery And Goods,"['Energy Management', 'Fuel Economy & Emissions in Use-phase']"
92,CBOE,Cboe Global Markets,0001374310,Financials,Financial Exchanges & Data,Security And Commodity Exchanges,[]
93,CBRE,CBRE Group,0001138118,Real Estate,Real Estate Services,Real Estate Services,['Sustainability Services']
94,CDW,CDW,0001402057,Information Technology,Technology Distributors,Software And It Services,['Environmental Footprint of Hardware Infrastructure']
95,CE,Celanese,0001306830,Materials,Specialty Chemicals,Chemicals,"['Water Management', 'Greenhouse Gas Emissions', 'Energy Management', 'Safety & Environmental Stewardship of Chemicals', 'Hazardous Waste Management']"
96,COR,Cencora,0001140859,Health Care,Health Care Distributors,Inexistant,
97,CNC,Centene Corporation,0001071739,Health Care,Managed Health Care,Managed Care,[]
98,CNP,CenterPoint Energy,0001130310,Utilities,Multi-Utilities,Electric Utilities And Power Generators,"['Water Management', 'Greenhouse Gas Emissions & Energy Resource Planning']"
99,CF,CF Industries,0001324404,Materials,Fertilizers & Agricultural Chemicals,Chemicals,"['Water Management', 'Greenhouse Gas Emissions', 'Energy Management', 'Safety & Environmental Stewardship of Chemicals', 'Hazardous Waste Management']"
100,CHRW,CH Robinson,0001043277,Industrials,Air Freight & Logistics,Air Freight And Logistics,['Greenhouse Gas Emissions']
101,CRL,Charles River Laboratories,0001100682,Health Care,Life Sciences Tools & Services,Biotechnology And Pharmaceuticals,[]
102,SCHW,Charles Schwab Corporation,0000316709,Financials,Investment Banking & Brokerage,Investment Banking And Brokerage,"['Incorporation of Environmental, Social, and Governance Factors in Investment Banking & Brokerage Activities']"
103,CHTR,Charter Communications,0001091667,Communication Services,Cable & Satellite,Telecommunication Services,['Environmental Footprint of Operations']
104,CVX,Chevron Corporation,0000093410,Energy,Integrated Oil & Gas,Oil And Gas Exploration And Production,"['Water Management', 'Biodiversity Impacts', 'Greenhouse Gas Emissions']"
105,CMG,Chipotle Mexican Grill,0001058090,Consumer Discretionary,Restaurants,Restaurants,"['Water Management', 'Food & Packaging Waste Management', 'Energy Management']"
106,CB,Chubb Limited,0000896159,Financials,Property & Casualty Insurance,Insurance,"['Financed Emissions', 'Incorporation of Environmental, Social and Governance Factors in Investment Management']"
107,CHD,Church & Dwight,0000313927,Consumer Staples,Household Products,Household And Personal Products,"['Water Management', 'Environmental & Social Impacts of Palm Oil Supply Chain', 'Packaging Lifecycle Management', 'Product Environmental, Health and Safety Performance']"
108,CI,Cigna,0001739940,Health Care,Health Care Services,Managed Care,[]
109,CINF,Cincinnati Financial,0000020286,Financials,Property & Casualty Insurance,Insurance,"['Financed Emissions', 'Incorporation of Environmental, Social and Governance Factors in Investment Management']"
110,CTAS,Cintas,0000723254,Industrials,Diversified Support Services,Apparel Accessories And Footwear,"['Management of Chemicals in Products', 'Environmental Impacts in the Supply Chain']"
111,CSCO,Cisco,0000858877,Information Technology,Communications Equipment,Hardware,['Product Lifecycle Management']
112,C,Citigroup,0000831001,Financials,Diversified Banks,Commercial Banks,"['Financed Emissions', 'Incorporation of Environmental, Social, and Governance Factors in Credit Analysis']"
113,CFG,Citizens Financial Group,0000759944,Financials,Regional Banks,Commercial Banks,"['Financed Emissions', 'Incorporation of Environmental, Social, and Governance Factors in Credit Analysis']"
114,CLX,Clorox,0000021076,Consumer Staples,Household Products,Household And Personal Products,"['Water Management', 'Environmental & Social Impacts of Palm Oil Supply Chain', 'Packaging Lifecycle Management', 'Product Environmental, Health and Safety Performance']"
115,CME,CME Group,0001156375,Financials,Financial Exchanges & Data,Security And Commodity Exchanges,[]
116,CMS,CMS Energy,0000811156,Utilities,Multi-Utilities,Electric Utilities And Power Generators,"['Water Management', 'Greenhouse Gas Emissions & Energy Resource Planning']"
117,KO,Coca-Cola Company (The),0000021344,Consumer Staples,Soft Drinks & Non-alcoholic Beverages,Non Alcoholic Beverages,"['Water Management', 'Energy Management', 'Fleet Fuel Management', 'Environmental & Social Impacts of Ingredient Supply Chain', 'Packaging Lifecycle Management']"
118,CTSH,Cognizant,0001058290,Information Technology,IT Consulting & Other Services,Software And It Services,['Environmental Footprint of Hardware Infrastructure']
119,CL,Colgate-Palmolive,0000021665,Consumer Staples,Household Products,Household And Personal Products,"['Water Management', 'Environmental & Social Impacts of Palm Oil Supply Chain', 'Packaging Lifecycle Management', 'Product Environmental, Health and Safety Performance']"
120,CMCSA,Comcast,0001166691,Communication Services,Cable & Satellite,Telecommunication Services,['Environmental Footprint of Operations']
121,CMA,Comerica,0000028412,Financials,Diversified Banks,Commercial Banks,"['Financed Emissions', 'Incorporation of Environmental, Social, and Governance Factors in Credit Analysis']"
122,CAG,Conagra Brands,0000023217,Consumer Staples,Packaged Foods & Meats,Processed Foods,"['Water Management', 'Energy Management', 'Environmental & Social Impacts of Ingredient Supply Chain', 'Packaging Lifecycle Management']"
123,COP,ConocoPhillips,0001163165,Energy,Oil & Gas Exploration & Production,Oil And Gas Exploration And Production,"['Water Management', 'Biodiversity Impacts', 'Greenhouse Gas Emissions']"
124,ED,Consolidated Edison,0001047862,Utilities,Multi-Utilities,Electric Utilities And Power Generators,"['Water Management', 'Greenhouse Gas Emissions & Energy Resource Planning']"
125,STZ,Constellation Brands,0000016918,Consumer Staples,Distillers & Vintners,Alcoholic Beverages,"['Water Management', 'Energy Management', 'Environmental & Social Impacts of Ingredient Supply Chain', 'Packaging Lifecycle Management']"
126,CEG,Constellation Energy,0001868275,Utilities,Electric Utilities,Electric Utilities And Power Generators,"['Water Management', 'Greenhouse Gas Emissions & Energy Resource Planning']"
127,COO,CooperCompanies,0000711404,Health Care,Health Care Supplies,Medical Equipment And Supplies,['Product Design & Lifecycle Management']
128,CPRT,Copart,0000900075,Industrials,Diversified Support Services,Professional And Commercial Services,[]
129,GLW,Corning Inc.,0000024741,Information Technology,Electronic Components,Hardware,['Product Lifecycle Management']
130,CPAY,Corpay,0001175454,Financials,Transaction & Payment Processing Services,Software And It Services,['Environmental Footprint of Hardware Infrastructure']
131,CTVA,Corteva,0001755672,Materials,Fertilizers & Agricultural Chemicals,Chemicals,"['Water Management', 'Greenhouse Gas Emissions', 'Energy Management', 'Safety & Environmental Stewardship of Chemicals', 'Hazardous Waste Management']"
132,CSGP,CoStar Group,0001057352,Real Estate,Real Estate Services,Professional And Commercial Services,[]
133,COST,Costco,0000909832,Consumer Staples,Consumer Staples Merchandise Retail,Multiline And Specialty Retailers And Distributors,['Energy Management in Retail & Distribution']
134,CTRA,Coterra,0000858470,Energy,Oil & Gas Exploration & Production,Coal Operations,"['Water Management', 'Biodiversity Impacts', 'Greenhouse Gas Emissions', 'Waste Management']"
135,CCI,Crown Castle,0001051470,Real Estate,Telecom Tower REITs,Real Estate,"['Energy Management', 'Water Management', 'Management of Tenant Sustainability Impacts']"
136,CSX,CSX,0000277948,Industrials,Rail Transportation,Rail Transportation,['Greenhouse Gas Emissions']
137,CMI,Cummins,0000026172,Industrials,Construction Machinery & Heavy Transportation Equipment,Industrial Machinery And Goods,"['Energy Management', 'Fuel Economy & Emissions in Use-phase']"
138,CVS,CVS Health,0000064803,Health Care,Health Care Services,Drug Retailers,['Energy Management in Retail']
139,DHR,Danaher Corporation,0000313616,Health Care,Life Sciences Tools & Services,Medical Equipment And Supplies,['Product Design & Lifecycle Management']
140,DRI,Darden Restaurants,0000940944,Consumer Discretionary,Restaurants,Apparel Accessories And Footwear,"['Management of Chemicals in Products', 'Environmental Impacts in the Supply Chain']"
141,DVA,DaVita Inc.,0000927066,Health Care,Health Care Services,Health Care Delivery,"['Waste Management', 'Energy Management']"
142,DAY,Dayforce,0001725057,Industrials,Human Resource & Employment Services,Inexistant,
143,DECK,Deckers Brands,0000910521,Consumer Discretionary,Footwear,Apparel Accessories And Footwear,"['Management of Chemicals in Products', 'Environmental Impacts in the Supply Chain']"
144,DE,John Deere,0000315189,Industrials,Agricultural & Farm Machinery,Industrial Machinery And Goods,"['Energy Management', 'Fuel Economy & Emissions in Use-phase']"
145,DAL,Delta Air Lines,0000027904,Industrials,Passenger Airlines,Airlines,['Greenhouse Gas Emissions']
146,DVN,Devon Energy,0001090012,Energy,Oil & Gas Exploration & Production,Oil And Gas Exploration And Production,"['Water Management', 'Biodiversity Impacts', 'Greenhouse Gas Emissions']"
147,DXCM,Dexcom,0001093557,Health Care,Health Care Equipment,Apparel Accessories And Footwear,"['Management of Chemicals in Products', 'Environmental Impacts in the Supply Chain']"
148,FANG,Diamondback Energy,0001539838,Energy,Oil & Gas Exploration & Production,Oil And Gas Exploration And Production,"['Water Management', 'Biodiversity Impacts', 'Greenhouse Gas Emissions']"
149,DLR,Digital Realty,0001297996,Real Estate,Data Center REITs,Real Estate,"['Energy Management', 'Water Management', 'Management of Tenant Sustainability Impacts']"
150,DFS,Discover Financial,0001393612,Financials,Consumer Finance,Consumer Finance,[]
151,DG,Dollar General,0000029534,Consumer Staples,Consumer Staples Merchandise Retail,Multiline And Specialty Retailers And Distributors,['Energy Management in Retail & Distribution']
152,DLTR,Dollar Tree,0000935703,Consumer Staples,Consumer Staples Merchandise Retail,Multiline And Specialty Retailers And Distributors,['Energy Management in Retail & Distribution']
153,D,Dominion Energy,0000715957,Utilities,Multi-Utilities,Electric Utilities And Power Generators,"['Water Management', 'Greenhouse Gas Emissions & Energy Resource Planning']"
154,DPZ,Domino's,0001286681,Consumer Discretionary,Restaurants,Restaurants,"['Water Management', 'Food & Packaging Waste Management', 'Energy Management']"
155,DOV,Dover Corporation,0000029905,Industrials,Industrial Machinery & Supplies & Components,Industrial Machinery And Goods,"['Energy Management', 'Fuel Economy & Emissions in Use-phase']"
156,DOW,Dow Inc.,0001751788,Materials,Commodity Chemicals,Apparel Accessories And Footwear,"['Management of Chemicals in Products', 'Environmental Impacts in the Supply Chain']"
157,DHI,DR Horton,0000882184,Consumer Discretionary,Homebuilding,Apparel Accessories And Footwear,"['Management of Chemicals in Products', 'Environmental Impacts in the Supply Chain']"
158,DTE,DTE Energy,0000936340,Utilities,Multi-Utilities,Electric Utilities And Power Generators,"['Water Management', 'Greenhouse Gas Emissions & Energy Resource Planning']"
159,DUK,Duke Energy,0001326160,Utilities,Electric Utilities,Electric Utilities And Power Generators,"['Water Management', 'Greenhouse Gas Emissions & Energy Resource Planning']"
160,DD,DuPont,0001666700,Materials,Specialty Chemicals,Chemicals,"['Water Management', 'Greenhouse Gas Emissions', 'Energy Management', 'Safety & Environmental Stewardship of Chemicals', 'Hazardous Waste Management']"
161,EMN,Eastman Chemical Company,0000915389,Materials,Specialty Chemicals,Chemicals,"['Water Management', 'Greenhouse Gas Emissions', 'Energy Management', 'Safety & Environmental Stewardship of Chemicals', 'Hazardous Waste Management']"
162,ETN,Eaton Corporation,0001551182,Industrials,Electrical Components & Equipment,Electrical And Electronic Equipment,"['Product Lifecycle Management', 'Energy Management', 'Hazardous Waste Management']"
163,EBAY,eBay,0001065088,Consumer Discretionary,Broadline Retail,E Commerce,['Hardware Infrastructure Energy & Water Management']
164,ECL,Ecolab,0000031462,Materials,Specialty Chemicals,Chemicals,"['Water Management', 'Greenhouse Gas Emissions', 'Energy Management', 'Safety & Environmental Stewardship of Chemicals', 'Hazardous Waste Management']"
165,EIX,Edison International,0000827052,Utilities,Electric Utilities,Electric Utilities And Power Generators,"['Water Management', 'Greenhouse Gas Emissions & Energy Resource Planning']"
166,EW,Edwards Lifesciences,0001099800,Health Care,Health Care Equipment,Medical Equipment And Supplies,['Product Design & Lifecycle Management']
167,EA,Electronic Arts,0000712515,Communication Services,Interactive Home Entertainment,Apparel Accessories And Footwear,"['Management of Chemicals in Products', 'Environmental Impacts in the Supply Chain']"
168,ELV,Elevance Health,0001156039,Health Care,Managed Health Care,Apparel Accessories And Footwear,"['Management of Chemicals in Products', 'Environmental Impacts in the Supply Chain']"
169,LLY,Eli Lilly and Company,0000059478,Health Care,Pharmaceuticals,Biotechnology And Pharmaceuticals,[]
170,EMR,Emerson Electric,0000032604,Industrials,Electrical Components & Equipment,Electrical And Electronic Equipment,"['Product Lifecycle Management', 'Energy Management', 'Hazardous Waste Management']"
171,ENPH,Enphase,0001463101,Information Technology,Semiconductor Materials & Equipment,Solar Technology And Project Developers,"['Ecological Impacts of Project Development', 'Energy Management in Manufacturing', 'Water Management in Manufacturing', 'Hazardous Waste Management']"
172,ETR,Entergy,0000065984,Utilities,Electric Utilities,Electric Utilities And Power Generators,"['Water Management', 'Greenhouse Gas Emissions & Energy Resource Planning']"
173,EOG,EOG Resources,0000821189,Energy,Oil & Gas Exploration & Production,Oil And Gas Exploration And Production,"['Water Management', 'Biodiversity Impacts', 'Greenhouse Gas Emissions']"
174,EPAM,EPAM Systems,0001352010,Information Technology,IT Consulting & Other Services,Software And It Services,['Environmental Footprint of Hardware Infrastructure']
175,EQT,EQT,0000033213,Energy,Oil & Gas Exploration & Production,Oil And Gas Exploration And Production,"['Water Management', 'Biodiversity Impacts', 'Greenhouse Gas Emissions']"
176,EFX,Equifax,0000033185,Industrials,Research & Consulting Services,Professional And Commercial Services,[]
177,EQIX,Equinix,0001101239,Real Estate,Data Center REITs,Real Estate,"['Energy Management', 'Water Management', 'Management of Tenant Sustainability Impacts']"
178,EQR,Equity Residential,0000906107,Real Estate,Multi-Family Residential REITs,Real Estate,"['Energy Management', 'Water Management', 'Management of Tenant Sustainability Impacts']"
179,ESS,Essex Property Trust,0000920522,Real Estate,Multi-Family Residential REITs,Real Estate,"['Energy Management', 'Water Management', 'Management of Tenant Sustainability Impacts']"
180,EL,Estée Lauder Companies (The),0001001250,Consumer Staples,Personal Care Products,Household And Personal Products,"['Water Management', 'Environmental & Social Impacts of Palm Oil Supply Chain', 'Packaging Lifecycle Management', 'Product Environmental, Health and Safety Performance']"
181,ETSY,Etsy,0001370637,Consumer Discretionary,Broadline Retail,E Commerce,['Hardware Infrastructure Energy & Water Management']
182,EG,Everest Re,0001095073,Financials,Reinsurance,Insurance,"['Financed Emissions', 'Incorporation of Environmental, Social and Governance Factors in Investment Management']"
183,EVRG,Evergy,0001711269,Utilities,Electric Utilities,Electric Utilities And Power Generators,"['Water Management', 'Greenhouse Gas Emissions & Energy Resource Planning']"
184,ES,Eversource,0000072741,Utilities,Electric Utilities,Apparel Accessories And Footwear,"['Management of Chemicals in Products', 'Environmental Impacts in the Supply Chain']"
185,EXC,Exelon,0001109357,Utilities,Electric Utilities,Electric Utilities And Power Generators,"['Water Management', 'Greenhouse Gas Emissions & Energy Resource Planning']"
186,EXPE,Expedia Group,0001324424,Consumer Discretionary,"Hotels, Resorts & Cruise Lines",Internet Media And Services,['Environmental Footprint of Hardware Infrastructure']
187,EXPD,Expeditors International,0000746515,Industrials,Air Freight & Logistics,Air Freight And Logistics,['Greenhouse Gas Emissions']
188,EXR,Extra Space Storage,0001289490,Real Estate,Self-Storage REITs,Real Estate,"['Energy Management', 'Water Management', 'Management of Tenant Sustainability Impacts']"
189,XOM,ExxonMobil,0000034088,Energy,Integrated Oil & Gas,Oil And Gas Exploration And Production,"['Water Management', 'Biodiversity Impacts', 'Greenhouse Gas Emissions']"
190,FFIV,"F5, Inc.",0001048695,Information Technology,Communications Equipment,Hardware,['Product Lifecycle Management']
191,FDS,FactSet,0001013237,Financials,Financial Exchanges & Data,Professional And Commercial Services,[]
192,FICO,Fair Isaac,0000814547,Information Technology,Application Software,Professional And Commercial Services,[]
193,FAST,Fastenal,0000815556,Industrials,Trading Companies & Distributors,Apparel Accessories And Footwear,"['Management of Chemicals in Products', 'Environmental Impacts in the Supply Chain']"
194,FRT,Federal Realty,0000034903,Real Estate,Retail REITs,Real Estate,"['Energy Management', 'Water Management', 'Management of Tenant Sustainability Impacts']"
195,FDX,FedEx,0001048911,Industrials,Air Freight & Logistics,Air Freight And Logistics,['Greenhouse Gas Emissions']
196,FIS,Fidelity National Information Services,0001136893,Financials,Transaction & Payment Processing Services,Software And It Services,['Environmental Footprint of Hardware Infrastructure']
197,FITB,Fifth Third Bank,0000035527,Financials,Diversified Banks,Commercial Banks,"['Financed Emissions', 'Incorporation of Environmental, Social, and Governance Factors in Credit Analysis']"
198,FSLR,First Solar,0001274494,Information Technology,Semiconductors,Solar Technology And Project Developers,"['Ecological Impacts of Project Development', 'Energy Management in Manufacturing', 'Water Management in Manufacturing', 'Hazardous Waste Management']"
199,FE,FirstEnergy,0001031296,Utilities,Electric Utilities,Electric Utilities And Power Generators,"['Water Management', 'Greenhouse Gas Emissions & Energy Resource Planning']"
200,FI,Fiserv,0000798354,Financials,Transaction & Payment Processing Services,Software And It Services,['Environmental Footprint of Hardware Infrastructure']
201,FMC,FMC Corporation,0000037785,Materials,Fertilizers & Agricultural Chemicals,Chemicals,"['Water Management', 'Greenhouse Gas Emissions', 'Energy Management', 'Safety & Environmental Stewardship of Chemicals', 'Hazardous Waste Management']"
202,F,Ford Motor Company,0000037996,Consumer Discretionary,Automobile Manufacturers,Automobiles,['Fuel Economy & Use-phase Emissions']
203,FTNT,Fortinet,0001262039,Information Technology,Systems Software,Software And It Services,['Environmental Footprint of Hardware Infrastructure']
204,FTV,Fortive,0001659166,Industrials,Industrial Machinery & Supplies & Components,Electrical And Electronic Equipment,"['Product Lifecycle Management', 'Energy Management', 'Hazardous Waste Management']"
205,FOXA,Fox Corporation (Class A),0001754301,Communication Services,Broadcasting,Inexistant,
206,FOX,Fox Corporation (Class B),0001754301,Communication Services,Broadcasting,Media And Entertainment,[]
207,BEN,Franklin Templeton,0000038777,Financials,Asset Management & Custody Banks,Asset Management And Custody Activities,"['Financed Emissions', 'Incorporation of Environmental, Social, and Governance Factors in Investment Management & Advisory']"
208,FCX,Freeport-McMoRan,0000831259,Materials,Copper,Metals And Mining,"['Water Management', 'Biodiversity Impacts', 'Greenhouse Gas Emissions', 'Energy Management']"
209,GRMN,Garmin,0001121788,Consumer Discretionary,Consumer Electronics,Hardware,['Product Lifecycle Management']
210,IT,Gartner,0000749251,Information Technology,IT Consulting & Other Services,Professional And Commercial Services,[]
211,GE,GE Aerospace,0000040545,Industrials,Aerospace & Defense,Electrical And Electronic Equipment,"['Product Lifecycle Management', 'Energy Management', 'Hazardous Waste Management']"
212,GEHC,GE HealthCare,0001932393,Health Care,Health Care Equipment,Medical Equipment And Supplies,['Product Design & Lifecycle Management']
213,GEV,GE Vernova,0001996810,Industrials,Heavy Electrical Equipment,Inexistant,
214,GEN,Gen Digital,0000849399,Information Technology,Systems Software,Inexistant,
215,GNRC,Generac,0001474735,Industrials,Electrical Components & Equipment,Electrical And Electronic Equipment,"['Product Lifecycle Management', 'Energy Management', 'Hazardous Waste Management']"
216,GD,General Dynamics,0000040533,Industrials,Aerospace & Defense,Aerospace And Defence,"['Energy Management', 'Fuel Economy & Emissions in Use-phase', 'Hazardous Waste Management']"
217,GIS,General Mills,0000040704,Consumer Staples,Packaged Foods & Meats,Processed Foods,"['Water Management', 'Energy Management', 'Environmental & Social Impacts of Ingredient Supply Chain', 'Packaging Lifecycle Management']"
218,GM,General Motors,0001467858,Consumer Discretionary,Automobile Manufacturers,Automobiles,['Fuel Economy & Use-phase Emissions']
219,GPC,Genuine Parts Company,0000040987,Consumer Discretionary,Distributors,Multiline And Specialty Retailers And Distributors,['Energy Management in Retail & Distribution']
220,GILD,Gilead Sciences,0000882095,Health Care,Biotechnology,Biotechnology And Pharmaceuticals,[]
221,GPN,Global Payments,0001123360,Financials,Transaction & Payment Processing Services,Software And It Services,['Environmental Footprint of Hardware Infrastructure']
222,GL,Globe Life,0000320335,Financials,Life & Health Insurance,Insurance,"['Financed Emissions', 'Incorporation of Environmental, Social and Governance Factors in Investment Management']"
223,GS,Goldman Sachs,0000886982,Financials,Investment Banking & Brokerage,Investment Banking And Brokerage,"['Incorporation of Environmental, Social, and Governance Factors in Investment Banking & Brokerage Activities']"
224,HAL,Halliburton,0000045012,Energy,Oil & Gas Equipment & Services,Oil And Gas Services,"['Emissions Reduction Services & Fuels Management', 'Water Management Services', 'Chemicals Management', 'Ecological Impact Management']"
225,HIG,Hartford (The),0000874766,Financials,Property & Casualty Insurance,Insurance,"['Financed Emissions', 'Incorporation of Environmental, Social and Governance Factors in Investment Management']"
226,HAS,Hasbro,0000046080,Consumer Discretionary,Leisure Products,Toys And Sporting Goods,['Chemical & Safety Hazards of Products']
227,HCA,HCA Healthcare,0000860730,Health Care,Health Care Facilities,Health Care Delivery,"['Waste Management', 'Energy Management']"
228,DOC,Healthpeak,0000765880,Real Estate,Health Care REITs,Real Estate,"['Energy Management', 'Water Management', 'Management of Tenant Sustainability Impacts']"
229,HSIC,Henry Schein,0001000228,Health Care,Health Care Distributors,Health Care Distributors,"['Product Lifecycle Management', 'Fleet Fuel Management']"
230,HSY,Hershey's,0000047111,Consumer Staples,Packaged Foods & Meats,Processed Foods,"['Water Management', 'Energy Management', 'Environmental & Social Impacts of Ingredient Supply Chain', 'Packaging Lifecycle Management']"
231,HES,Hess Corporation,0000004447,Energy,Integrated Oil & Gas,Oil And Gas Exploration And Production,"['Water Management', 'Biodiversity Impacts', 'Greenhouse Gas Emissions']"
232,HPE,Hewlett Packard Enterprise,0001645590,Information Technology,"Technology Hardware, Storage & Peripherals",Software And It Services,['Environmental Footprint of Hardware Infrastructure']
233,HLT,Hilton Worldwide,0001585689,Consumer Discretionary,"Hotels, Resorts & Cruise Lines",Hotels And Lodging,"['Water Management', 'Energy Management', 'Ecological Impacts']"
234,HOLX,Hologic,0000859737,Health Care,Health Care Equipment,Medical Equipment And Supplies,['Product Design & Lifecycle Management']
235,HD,Home Depot (The),0000354950,Consumer Discretionary,Home Improvement Retail,Multiline And Specialty Retailers And Distributors,['Energy Management in Retail & Distribution']
236,HON,Honeywell,0000773840,Industrials,Industrial Conglomerates,Electrical And Electronic Equipment,"['Product Lifecycle Management', 'Energy Management', 'Hazardous Waste Management']"
237,HRL,Hormel Foods,0000048465,Consumer Staples,Packaged Foods & Meats,Meat Poultry And Dairy,"['Water Management', 'Land Use & Ecological Impacts', 'Greenhouse Gas Emissions', 'Energy Management', 'Environmental & Social Impacts of Animal Supply Chain']"
238,HST,Host Hotels & Resorts,0001070750,Real Estate,Hotel & Resort REITs,Real Estate,"['Energy Management', 'Water Management', 'Management of Tenant Sustainability Impacts']"
239,HWM,Howmet Aerospace,0000004281,Industrials,Aerospace & Defense,Aerospace And Defence,"['Energy Management', 'Fuel Economy & Emissions in Use-phase', 'Hazardous Waste Management']"
240,HPQ,HP Inc.,0000047217,Information Technology,"Technology Hardware, Storage & Peripherals",Hardware,['Product Lifecycle Management']
241,HUBB,Hubbell Incorporated,0000048898,Industrials,Industrial Machinery & Supplies & Components,Electrical And Electronic Equipment,"['Product Lifecycle Management', 'Energy Management', 'Hazardous Waste Management']"
242,HUM,Humana,0000049071,Health Care,Managed Health Care,Managed Care,[]
243,HBAN,Huntington Bancshares,0000049196,Financials,Regional Banks,Commercial Banks,"['Financed Emissions', 'Incorporation of Environmental, Social, and Governance Factors in Credit Analysis']"
244,HII,Huntington Ingalls Industries,0001501585,Industrials,Aerospace & Defense,Aerospace And Defence,"['Energy Management', 'Fuel Economy & Emissions in Use-phase', 'Hazardous Waste Management']"
245,IBM,IBM,0000051143,Information Technology,IT Consulting & Other Services,Software And It Services,['Environmental Footprint of Hardware Infrastructure']
246,IEX,IDEX Corporation,0000832101,Industrials,Industrial Machinery & Supplies & Components,Industrial Machinery And Goods,"['Energy Management', 'Fuel Economy & Emissions in Use-phase']"
247,IDXX,Idexx Laboratories,0000874716,Health Care,Health Care Equipment,Medical Equipment And Supplies,['Product Design & Lifecycle Management']
248,ITW,Illinois Tool Works,0000049826,Industrials,Industrial Machinery & Supplies & Components,Industrial Machinery And Goods,"['Energy Management', 'Fuel Economy & Emissions in Use-phase']"
249,ILMN,Illumina,0001110803,Health Care,Life Sciences Tools & Services,Medical Equipment And Supplies,['Product Design & Lifecycle Management']
250,INCY,Incyte,0000879169,Health Care,Biotechnology,Biotechnology And Pharmaceuticals,[]
251,IR,Ingersoll Rand,0001699150,Industrials,Industrial Machinery & Supplies & Components,Industrial Machinery And Goods,"['Energy Management', 'Fuel Economy & Emissions in Use-phase']"
252,PODD,Insulet,0001145197,Health Care,Health Care Equipment,Medical Equipment And Supplies,['Product Design & Lifecycle Management']
253,INTC,Intel,0000050863,Information Technology,Semiconductors,Electrical And Electronic Equipment,"['Product Lifecycle Management', 'Energy Management', 'Hazardous Waste Management']"
254,ICE,Intercontinental Exchange,0001571949,Financials,Financial Exchanges & Data,Security And Commodity Exchanges,[]
255,IFF,International Flavors & Fragrances,0000051253,Materials,Specialty Chemicals,Chemicals,"['Water Management', 'Greenhouse Gas Emissions', 'Energy Management', 'Safety & Environmental Stewardship of Chemicals', 'Hazardous Waste Management']"
256,IP,International Paper,0000051434,Materials,Paper & Plastic Packaging Products & Materials,Containers And Packaging,"['Water Management', 'Greenhouse Gas Emissions', 'Waste Management', 'Product Lifecycle Management', 'Energy Management']"
257,IPG,Interpublic Group of Companies (The),0000051644,Communication Services,Advertising,Advertising And Marketing,[]
258,INTU,Intuit,0000896878,Information Technology,Application Software,Software And It Services,['Environmental Footprint of Hardware Infrastructure']
259,ISRG,Intuitive Surgical,0001035267,Health Care,Health Care Equipment,Medical Equipment And Supplies,['Product Design & Lifecycle Management']
260,IVZ,Invesco,0000914208,Financials,Asset Management & Custody Banks,Asset Management And Custody Activities,"['Financed Emissions', 'Incorporation of Environmental, Social, and Governance Factors in Investment Management & Advisory']"
261,INVH,Invitation Homes,0001687229,Real Estate,Single-Family Residential REITs,Real Estate Services,['Sustainability Services']
262,IQV,IQVIA,0001478242,Health Care,Life Sciences Tools & Services,Biotechnology And Pharmaceuticals,[]
263,IRM,Iron Mountain,0001020569,Real Estate,Other Specialized REITs,Software And It Services,['Environmental Footprint of Hardware Infrastructure']
264,JBHT,J.B. Hunt,0000728535,Industrials,Cargo Ground Transportation,Inexistant,
265,JBL,Jabil,0000898293,Information Technology,Electronic Manufacturing Services,Electronic Manufacturing Services And Original Design Manufacturing,"['Water Management', 'Product Lifecycle Management', 'Waste Management']"
266,JKHY,Jack Henry & Associates,0000779152,Financials,Transaction & Payment Processing Services,Software And It Services,['Environmental Footprint of Hardware Infrastructure']
267,J,Jacobs Solutions,0000052988,Industrials,Construction & Engineering,Professional And Commercial Services,[]
268,JNJ,Johnson & Johnson,0000200406,Health Care,Pharmaceuticals,Biotechnology And Pharmaceuticals,[]
269,JCI,Johnson Controls,0000833444,Industrials,Building Products,Electrical And Electronic Equipment,"['Product Lifecycle Management', 'Energy Management', 'Hazardous Waste Management']"
270,JPM,JPMorgan Chase,0000019617,Financials,Diversified Banks,Investment Banking And Brokerage,"['Incorporation of Environmental, Social, and Governance Factors in Investment Banking & Brokerage Activities']"
271,JNPR,Juniper Networks,0001043604,Information Technology,Communications Equipment,Hardware,['Product Lifecycle Management']
272,K,Kellanova,0000055067,Consumer Staples,Packaged Foods & Meats,Inexistant,
273,KVUE,Kenvue,0001944048,Consumer Staples,Personal Care Products,Inexistant,
274,KDP,Keurig Dr Pepper,0001418135,Consumer Staples,Soft Drinks & Non-alcoholic Beverages,Non Alcoholic Beverages,"['Water Management', 'Energy Management', 'Fleet Fuel Management', 'Environmental & Social Impacts of Ingredient Supply Chain', 'Packaging Lifecycle Management']"
275,KEY,KeyCorp,0000091576,Financials,Regional Banks,Commercial Banks,"['Financed Emissions', 'Incorporation of Environmental, Social, and Governance Factors in Credit Analysis']"
276,KEYS,Keysight,0001601046,Information Technology,Electronic Equipment & Instruments,Electrical And Electronic Equipment,"['Product Lifecycle Management', 'Energy Management', 'Hazardous Waste Management']"
277,KMB,Kimberly-Clark,0000055785,Consumer Staples,Household Products,Household And Personal Products,"['Water Management', 'Environmental & Social Impacts of Palm Oil Supply Chain', 'Packaging Lifecycle Management', 'Product Environmental, Health and Safety Performance']"
278,KIM,Kimco Realty,0000879101,Real Estate,Retail REITs,Real Estate,"['Energy Management', 'Water Management', 'Management of Tenant Sustainability Impacts']"
279,KMI,Kinder Morgan,0001506307,Energy,Oil & Gas Storage & Transportation,Oil And Gas Midstream,"['Greenhouse Gas Emissions', 'Ecological Impacts']"
280,KLAC,KLA Corporation,0000319201,Information Technology,Semiconductor Materials & Equipment,Semiconductors,"['Water Management', 'Greenhouse Gas Emissions', 'Waste Management', 'Product Lifecycle Management', 'Energy Management in Manufacturing']"
281,KHC,Kraft Heinz,0001637459,Consumer Staples,Packaged Foods & Meats,Processed Foods,"['Water Management', 'Energy Management', 'Environmental & Social Impacts of Ingredient Supply Chain', 'Packaging Lifecycle Management']"
282,KR,Kroger,0000056873,Consumer Staples,Food Retail,Food Retailers And Distributors,"['Air Emissions from Refrigeration', 'Energy Management', 'Fleet Fuel Management', 'Management of Environmental & Social Impacts in the Supply Chain', 'Food Waste Management']"
283,LHX,L3Harris,0000202058,Industrials,Aerospace & Defense,Aerospace And Defence,"['Energy Management', 'Fuel Economy & Emissions in Use-phase', 'Hazardous Waste Management']"
284,LH,LabCorp,0000920148,Health Care,Health Care Services,Health Care Delivery,"['Waste Management', 'Energy Management']"
285,LRCX,Lam Research,0000707549,Information Technology,Semiconductor Materials & Equipment,Semiconductors,"['Water Management', 'Greenhouse Gas Emissions', 'Waste Management', 'Product Lifecycle Management', 'Energy Management in Manufacturing']"
286,LW,Lamb Weston,0001679273,Consumer Staples,Packaged Foods & Meats,Processed Foods,"['Water Management', 'Energy Management', 'Environmental & Social Impacts of Ingredient Supply Chain', 'Packaging Lifecycle Management']"
287,LVS,Las Vegas Sands,0001300514,Consumer Discretionary,Casinos & Gaming,Casinos And Gaming,['Energy Management']
288,LDOS,Leidos,0001336920,Industrials,Diversified Support Services,Software And It Services,['Environmental Footprint of Hardware Infrastructure']
289,LEN,Lennar,0000920760,Consumer Discretionary,Homebuilding,Home Builders,['Land Use & Ecological Impacts']
290,LIN,Linde plc,0001707925,Materials,Industrial Gases,Chemicals,"['Water Management', 'Greenhouse Gas Emissions', 'Energy Management', 'Safety & Environmental Stewardship of Chemicals', 'Hazardous Waste Management']"
291,LYV,Live Nation Entertainment,0001335258,Communication Services,Movies & Entertainment,Leisure Facilities,['Energy Management']
292,LKQ,LKQ Corporation,0001065696,Consumer Discretionary,Distributors,Multiline And Specialty Retailers And Distributors,['Energy Management in Retail & Distribution']
293,LMT,Lockheed Martin,0000936468,Industrials,Aerospace & Defense,Aerospace And Defence,"['Energy Management', 'Fuel Economy & Emissions in Use-phase', 'Hazardous Waste Management']"
294,L,Loews Corporation,0000060086,Financials,Multi-line Insurance,Insurance,"['Financed Emissions', 'Incorporation of Environmental, Social and Governance Factors in Investment Management']"
295,LOW,Lowe's,0000060667,Consumer Discretionary,Home Improvement Retail,Multiline And Specialty Retailers And Distributors,['Energy Management in Retail & Distribution']
296,LULU,Lululemon Athletica,0001397187,Consumer Discretionary,"Apparel, Accessories & Luxury Goods",Apparel Accessories And Footwear,"['Management of Chemicals in Products', 'Environmental Impacts in the Supply Chain']"
297,LYB,LyondellBasell,0001489393,Materials,Specialty Chemicals,Chemicals,"['Water Management', 'Greenhouse Gas Emissions', 'Energy Management', 'Safety & Environmental Stewardship of Chemicals', 'Hazardous Waste Management']"
298,MTB,M&T Bank,0000036270,Financials,Regional Banks,Commercial Banks,"['Financed Emissions', 'Incorporation of Environmental, Social, and Governance Factors in Credit Analysis']"
299,MRO,Marathon Oil,0000101778,Energy,Oil & Gas Exploration & Production,Oil And Gas Exploration And Production,"['Water Management', 'Biodiversity Impacts', 'Greenhouse Gas Emissions']"
300,MPC,Marathon Petroleum,0001510295,Energy,Oil & Gas Refining & Marketing,Oil And Gas Refining And Marketing,"['Water Management', 'Greenhouse Gas Emissions', 'Product Specifications & Clean Fuel Blends']"
301,MKTX,MarketAxess,0001278021,Financials,Financial Exchanges & Data,Professional And Commercial Services,[]
302,MAR,Marriott International,0001048286,Consumer Discretionary,"Hotels, Resorts & Cruise Lines",Hotels And Lodging,"['Water Management', 'Energy Management', 'Ecological Impacts']"
303,MMC,Marsh McLennan,0000062709,Financials,Insurance Brokers,Insurance,"['Financed Emissions', 'Incorporation of Environmental, Social and Governance Factors in Investment Management']"
304,MLM,Martin Marietta Materials,0000916076,Materials,Construction Materials,Construction Materials,"['Water Management', 'Biodiversity Impacts', 'Greenhouse Gas Emissions', 'Waste Management', 'Energy Management']"
305,MAS,Masco,0000062996,Industrials,Building Products,Building Products And Furnishings,"['Energy Management in Manufacturing', 'Product Lifecycle Environmental Impacts', 'Management of Chemicals in Products']"
306,MA,Mastercard,0001141391,Financials,Transaction & Payment Processing Services,Software And It Services,['Environmental Footprint of Hardware Infrastructure']
307,MTCH,Match Group,0000891103,Communication Services,Interactive Media & Services,Internet Media And Services,['Environmental Footprint of Hardware Infrastructure']
308,MKC,McCormick & Company,0000063754,Consumer Staples,Packaged Foods & Meats,Processed Foods,"['Water Management', 'Energy Management', 'Environmental & Social Impacts of Ingredient Supply Chain', 'Packaging Lifecycle Management']"
309,MCD,McDonald's,0000063908,Consumer Discretionary,Restaurants,Restaurants,"['Water Management', 'Food & Packaging Waste Management', 'Energy Management']"
310,MCK,McKesson,0000927653,Health Care,Health Care Distributors,Health Care Distributors,"['Product Lifecycle Management', 'Fleet Fuel Management']"
311,MDT,Medtronic,0001613103,Health Care,Health Care Equipment,Medical Equipment And Supplies,['Product Design & Lifecycle Management']
312,MRK,Merck & Co.,0000310158,Health Care,Pharmaceuticals,Biotechnology And Pharmaceuticals,[]
313,META,Meta Platforms,0001326801,Communication Services,Interactive Media & Services,Internet Media And Services,['Environmental Footprint of Hardware Infrastructure']
314,MET,MetLife,0001099219,Financials,Life & Health Insurance,Insurance,"['Financed Emissions', 'Incorporation of Environmental, Social and Governance Factors in Investment Management']"
315,MTD,Mettler Toledo,0001037646,Health Care,Life Sciences Tools & Services,Medical Equipment And Supplies,['Product Design & Lifecycle Management']
316,MGM,MGM Resorts,0000789570,Consumer Discretionary,Casinos & Gaming,Casinos And Gaming,['Energy Management']
317,MCHP,Microchip Technology,0000827054,Information Technology,Semiconductors,Semiconductors,"['Water Management', 'Greenhouse Gas Emissions', 'Waste Management', 'Product Lifecycle Management', 'Energy Management in Manufacturing']"
318,MU,Micron Technology,0000723125,Information Technology,Semiconductors,Semiconductors,"['Water Management', 'Greenhouse Gas Emissions', 'Waste Management', 'Product Lifecycle Management', 'Energy Management in Manufacturing']"
319,MSFT,Microsoft,0000789019,Information Technology,Systems Software,Software And It Services,['Environmental Footprint of Hardware Infrastructure']
320,MAA,Mid-America Apartment Communities,0000912595,Real Estate,Multi-Family Residential REITs,Real Estate,"['Energy Management', 'Water Management', 'Management of Tenant Sustainability Impacts']"
321,MRNA,Moderna,0001682852,Health Care,Biotechnology,Biotechnology And Pharmaceuticals,[]
322,MHK,Mohawk Industries,0000851968,Consumer Discretionary,Home Furnishings,Building Products And Furnishings,"['Energy Management in Manufacturing', 'Product Lifecycle Environmental Impacts', 'Management of Chemicals in Products']"
323,MOH,Molina Healthcare,0001179929,Health Care,Managed Health Care,Managed Care,[]
324,TAP,Molson Coors Beverage Company,0000024545,Consumer Staples,Brewers,Alcoholic Beverages,"['Water Management', 'Energy Management', 'Environmental & Social Impacts of Ingredient Supply Chain', 'Packaging Lifecycle Management']"
325,MDLZ,Mondelez International,0001103982,Consumer Staples,Packaged Foods & Meats,Processed Foods,"['Water Management', 'Energy Management', 'Environmental & Social Impacts of Ingredient Supply Chain', 'Packaging Lifecycle Management']"
326,MPWR,Monolithic Power Systems,0001280452,Information Technology,Semiconductors,Semiconductors,"['Water Management', 'Greenhouse Gas Emissions', 'Waste Management', 'Product Lifecycle Management', 'Energy Management in Manufacturing']"
327,MNST,Monster Beverage,0000865752,Consumer Staples,Soft Drinks & Non-alcoholic Beverages,Non Alcoholic Beverages,"['Water Management', 'Energy Management', 'Fleet Fuel Management', 'Environmental & Social Impacts of Ingredient Supply Chain', 'Packaging Lifecycle Management']"
328,MCO,Moody's Corporation,0001059556,Financials,Financial Exchanges & Data,Professional And Commercial Services,[]
329,MS,Morgan Stanley,0000895421,Financials,Investment Banking & Brokerage,Investment Banking And Brokerage,"['Incorporation of Environmental, Social, and Governance Factors in Investment Banking & Brokerage Activities']"
330,MOS,Mosaic Company (The),0001285785,Materials,Fertilizers & Agricultural Chemicals,Chemicals,"['Water Management', 'Greenhouse Gas Emissions', 'Energy Management', 'Safety & Environmental Stewardship of Chemicals', 'Hazardous Waste Management']"
331,MSI,Motorola Solutions,0000068505,Information Technology,Communications Equipment,Hardware,['Product Lifecycle Management']
332,MSCI,MSCI,0001408198,Financials,Financial Exchanges & Data,Professional And Commercial Services,[]
333,NDAQ,"Nasdaq, Inc.",0001120193,Financials,Financial Exchanges & Data,Security And Commodity Exchanges,[]
334,NTAP,NetApp,0001002047,Information Technology,"Technology Hardware, Storage & Peripherals",Hardware,['Product Lifecycle Management']
335,NFLX,Netflix,0001065280,Communication Services,Movies & Entertainment,Internet Media And Services,['Environmental Footprint of Hardware Infrastructure']
336,NEM,Newmont,0001164727,Materials,Gold,Metals And Mining,"['Water Management', 'Biodiversity Impacts', 'Greenhouse Gas Emissions', 'Energy Management']"
337,NWSA,News Corp (Class A),0001564708,Communication Services,Publishing,Inexistant,
338,NWS,News Corp (Class B),0001564708,Communication Services,Publishing,Media And Entertainment,[]
339,NEE,NextEra Energy,0000753308,Utilities,Multi-Utilities,Electric Utilities And Power Generators,"['Water Management', 'Greenhouse Gas Emissions & Energy Resource Planning']"
340,NKE,"Nike, Inc.",0000320187,Consumer Discretionary,"Apparel, Accessories & Luxury Goods",Apparel Accessories And Footwear,"['Management of Chemicals in Products', 'Environmental Impacts in the Supply Chain']"
341,NI,NiSource,0001111711,Utilities,Multi-Utilities,Gas Utilities And Distributors,[]
342,NDSN,Nordson Corporation,0000072331,Industrials,Industrial Machinery & Supplies & Components,Industrial Machinery And Goods,"['Energy Management', 'Fuel Economy & Emissions in Use-phase']"
343,NSC,Norfolk Southern Railway,0000702165,Industrials,Rail Transportation,Rail Transportation,['Greenhouse Gas Emissions']
344,NTRS,Northern Trust,0000073124,Financials,Asset Management & Custody Banks,Asset Management And Custody Activities,"['Financed Emissions', 'Incorporation of Environmental, Social, and Governance Factors in Investment Management & Advisory']"
345,NOC,Northrop Grumman,0001133421,Industrials,Aerospace & Defense,Aerospace And Defence,"['Energy Management', 'Fuel Economy & Emissions in Use-phase', 'Hazardous Waste Management']"
346,NCLH,Norwegian Cruise Line Holdings,0001513761,Consumer Discretionary,"Hotels, Resorts & Cruise Lines",Cruise Lines,"['Greenhouse Gas Emissions', 'Discharge Management & Ecological Impacts']"
347,NRG,NRG Energy,0001013871,Utilities,Independent Power Producers & Energy Traders,Electric Utilities And Power Generators,"['Water Management', 'Greenhouse Gas Emissions & Energy Resource Planning']"
348,NUE,Nucor,0000073309,Materials,Steel,Iron And Steel Producers,"['Water Management', 'Greenhouse Gas Emissions', 'Waste Management', 'Energy Management']"
349,NVDA,Nvidia,0001045810,Information Technology,Semiconductors,Semiconductors,"['Water Management', 'Greenhouse Gas Emissions', 'Waste Management', 'Product Lifecycle Management', 'Energy Management in Manufacturing']"
350,NVR,"NVR, Inc.",0000906163,Consumer Discretionary,Homebuilding,Home Builders,['Land Use & Ecological Impacts']
351,NXPI,NXP Semiconductors,0001413447,Information Technology,Semiconductors,Semiconductors,"['Water Management', 'Greenhouse Gas Emissions', 'Waste Management', 'Product Lifecycle Management', 'Energy Management in Manufacturing']"
352,ORLY,O'Reilly Auto Parts,0000898173,Consumer Discretionary,Automotive Retail,Multiline And Specialty Retailers And Distributors,['Energy Management in Retail & Distribution']
353,OXY,Occidental Petroleum,0000797468,Energy,Oil & Gas Exploration & Production,Oil And Gas Exploration And Production,"['Water Management', 'Biodiversity Impacts', 'Greenhouse Gas Emissions']"
354,ODFL,Old Dominion,0000878927,Industrials,Cargo Ground Transportation,Road Transportation,['Greenhouse Gas Emissions']
355,OMC,Omnicom Group,0000029989,Communication Services,Advertising,Advertising And Marketing,[]
356,ON,ON Semiconductor,0001097864,Information Technology,Semiconductors,Semiconductors,"['Water Management', 'Greenhouse Gas Emissions', 'Waste Management', 'Product Lifecycle Management', 'Energy Management in Manufacturing']"
357,OKE,ONEOK,0001039684,Energy,Oil & Gas Storage & Transportation,Oil And Gas Midstream,"['Greenhouse Gas Emissions', 'Ecological Impacts']"
358,ORCL,Oracle Corporation,0001341439,Information Technology,Application Software,Software And It Services,['Environmental Footprint of Hardware Infrastructure']
359,OTIS,Otis Worldwide,0001781335,Industrials,Industrial Machinery & Supplies & Components,Electrical And Electronic Equipment,"['Product Lifecycle Management', 'Energy Management', 'Hazardous Waste Management']"
360,PCAR,Paccar,0000075362,Industrials,Construction Machinery & Heavy Transportation Equipment,Industrial Machinery And Goods,"['Energy Management', 'Fuel Economy & Emissions in Use-phase']"
361,PKG,Packaging Corporation of America,0000075677,Materials,Paper & Plastic Packaging Products & Materials,Containers And Packaging,"['Water Management', 'Greenhouse Gas Emissions', 'Waste Management', 'Product Lifecycle Management', 'Energy Management']"
362,PANW,Palo Alto Networks,0001327567,Information Technology,Systems Software,Software And It Services,['Environmental Footprint of Hardware Infrastructure']
363,PARA,Paramount Global,0000813828,Communication Services,Movies & Entertainment,Media And Entertainment,[]
364,PH,Parker Hannifin,0000076334,Industrials,Industrial Machinery & Supplies & Components,Industrial Machinery And Goods,"['Energy Management', 'Fuel Economy & Emissions in Use-phase']"
365,PAYX,Paychex,0000723531,Industrials,Human Resource & Employment Services,Software And It Services,['Environmental Footprint of Hardware Infrastructure']
366,PAYC,Paycom,0001590955,Industrials,Human Resource & Employment Services,Software And It Services,['Environmental Footprint of Hardware Infrastructure']
367,PYPL,PayPal,0001633917,Financials,Transaction & Payment Processing Services,Software And It Services,['Environmental Footprint of Hardware Infrastructure']
368,PNR,Pentair,0000077360,Industrials,Industrial Machinery & Supplies & Components,Industrial Machinery And Goods,"['Energy Management', 'Fuel Economy & Emissions in Use-phase']"
369,PEP,PepsiCo,0000077476,Consumer Staples,Soft Drinks & Non-alcoholic Beverages,Non Alcoholic Beverages,"['Water Management', 'Energy Management', 'Fleet Fuel Management', 'Environmental & Social Impacts of Ingredient Supply Chain', 'Packaging Lifecycle Management']"
370,PFE,Pfizer,0000078003,Health Care,Pharmaceuticals,Biotechnology And Pharmaceuticals,[]
371,PCG,PG&E Corporation,0001004980,Utilities,Multi-Utilities,Electric Utilities And Power Generators,"['Water Management', 'Greenhouse Gas Emissions & Energy Resource Planning']"
372,PM,Philip Morris International,0001413329,Consumer Staples,Tobacco,Tobacco,[]
373,PSX,Phillips 66,0001534701,Energy,Oil & Gas Refining & Marketing,Oil And Gas Refining And Marketing,"['Water Management', 'Greenhouse Gas Emissions', 'Product Specifications & Clean Fuel Blends']"
374,PNW,Pinnacle West,0000764622,Utilities,Multi-Utilities,Electric Utilities And Power Generators,"['Water Management', 'Greenhouse Gas Emissions & Energy Resource Planning']"
375,PNC,PNC Financial Services,0000713676,Financials,Regional Banks,Commercial Banks,"['Financed Emissions', 'Incorporation of Environmental, Social, and Governance Factors in Credit Analysis']"
376,POOL,Pool Corporation,0000945841,Consumer Discretionary,Distributors,Asset Management And Custody Activities,"['Financed Emissions', 'Incorporation of Environmental, Social, and Governance Factors in Investment Management & Advisory']"
377,PPG,PPG Industries,0000079879,Materials,Specialty Chemicals,Chemicals,"['Water Management', 'Greenhouse Gas Emissions', 'Energy Management', 'Safety & Environmental Stewardship of Chemicals', 'Hazardous Waste Management']"
378,PPL,PPL Corporation,0000922224,Utilities,Electric Utilities,Electric Utilities And Power Generators,"['Water Management', 'Greenhouse Gas Emissions & Energy Resource Planning']"
379,PFG,Principal Financial Group,0001126328,Financials,Life & Health Insurance,Insurance,"['Financed Emissions', 'Incorporation of Environmental, Social and Governance Factors in Investment Management']"
380,PG,Procter & Gamble,0000080424,Consumer Staples,Personal Care Products,Household And Personal Products,"['Water Management', 'Environmental & Social Impacts of Palm Oil Supply Chain', 'Packaging Lifecycle Management', 'Product Environmental, Health and Safety Performance']"
381,PGR,Progressive Corporation,0000080661,Financials,Property & Casualty Insurance,Insurance,"['Financed Emissions', 'Incorporation of Environmental, Social and Governance Factors in Investment Management']"
382,PLD,Prologis,0001045609,Real Estate,Industrial REITs,Real Estate,"['Energy Management', 'Water Management', 'Management of Tenant Sustainability Impacts']"
383,PRU,Prudential Financial,0001137774,Financials,Life & Health Insurance,Insurance,"['Financed Emissions', 'Incorporation of Environmental, Social and Governance Factors in Investment Management']"
384,PEG,Public Service Enterprise Group,0000788784,Utilities,Electric Utilities,Electric Utilities And Power Generators,"['Water Management', 'Greenhouse Gas Emissions & Energy Resource Planning']"
385,PTC,PTC,0000857005,Information Technology,Application Software,Software And It Services,['Environmental Footprint of Hardware Infrastructure']
386,PSA,Public Storage,0001393311,Real Estate,Self-Storage REITs,Real Estate,"['Energy Management', 'Water Management', 'Management of Tenant Sustainability Impacts']"
387,PHM,PulteGroup,0000822416,Consumer Discretionary,Homebuilding,Home Builders,['Land Use & Ecological Impacts']
388,QRVO,Qorvo,0001604778,Information Technology,Semiconductors,Semiconductors,"['Water Management', 'Greenhouse Gas Emissions', 'Waste Management', 'Product Lifecycle Management', 'Energy Management in Manufacturing']"
389,PWR,Quanta Services,0001050915,Industrials,Construction & Engineering,Engineering And Construction Services,"['Environmental Impacts of Project Development', 'Lifecycle Impacts of Buildings & Infrastructure']"
390,QCOM,Qualcomm,0000804328,Information Technology,Semiconductors,Semiconductors,"['Water Management', 'Greenhouse Gas Emissions', 'Waste Management', 'Product Lifecycle Management', 'Energy Management in Manufacturing']"
391,DGX,Quest Diagnostics,0001022079,Health Care,Health Care Services,Health Care Delivery,"['Waste Management', 'Energy Management']"
392,RL,Ralph Lauren Corporation,0001037038,Consumer Discretionary,"Apparel, Accessories & Luxury Goods",Apparel Accessories And Footwear,"['Management of Chemicals in Products', 'Environmental Impacts in the Supply Chain']"
393,RJF,Raymond James,0000720005,Financials,Investment Banking & Brokerage,Investment Banking And Brokerage,"['Incorporation of Environmental, Social, and Governance Factors in Investment Banking & Brokerage Activities']"
394,RTX,RTX Corporation,0000101829,Industrials,Aerospace & Defense,Aerospace And Defence,"['Energy Management', 'Fuel Economy & Emissions in Use-phase', 'Hazardous Waste Management']"
395,O,Realty Income,0000726728,Real Estate,Retail REITs,Real Estate,"['Energy Management', 'Water Management', 'Management of Tenant Sustainability Impacts']"
396,REG,Regency Centers,0000910606,Real Estate,Retail REITs,Real Estate,"['Energy Management', 'Water Management', 'Management of Tenant Sustainability Impacts']"
397,REGN,Regeneron,0000872589,Health Care,Biotechnology,Biotechnology And Pharmaceuticals,[]
398,RF,Regions Financial Corporation,0001281761,Financials,Regional Banks,Commercial Banks,"['Financed Emissions', 'Incorporation of Environmental, Social, and Governance Factors in Credit Analysis']"
399,RSG,Republic Services,0001060391,Industrials,Environmental & Facilities Services,Waste Management,"['Greenhouse Gas Emissions', 'Fleet Fuel Management']"
400,RMD,ResMed,0000943819,Health Care,Health Care Equipment,Medical Equipment And Supplies,['Product Design & Lifecycle Management']
401,RVTY,Revvity,0000031791,Health Care,Health Care Equipment,Inexistant,
402,RHI,Robert Half,0000315213,Industrials,Human Resource & Employment Services,Professional And Commercial Services,[]
403,ROK,Rockwell Automation,0001024478,Industrials,Electrical Components & Equipment,Electrical And Electronic Equipment,"['Product Lifecycle Management', 'Energy Management', 'Hazardous Waste Management']"
404,ROL,"Rollins, Inc.",0000084839,Industrials,Environmental & Facilities Services,Professional And Commercial Services,[]
405,ROP,Roper Technologies,0000882835,Information Technology,Electronic Equipment & Instruments,Software And It Services,['Environmental Footprint of Hardware Infrastructure']
406,ROST,Ross Stores,0000745732,Consumer Discretionary,Apparel Retail,Multiline And Specialty Retailers And Distributors,['Energy Management in Retail & Distribution']
407,RCL,Royal Caribbean Group,0000884887,Consumer Discretionary,"Hotels, Resorts & Cruise Lines",Cruise Lines,"['Greenhouse Gas Emissions', 'Discharge Management & Ecological Impacts']"
408,SPGI,S&P Global,0000064040,Financials,Financial Exchanges & Data,Professional And Commercial Services,[]
409,CRM,Salesforce,0001108524,Information Technology,Application Software,Software And It Services,['Environmental Footprint of Hardware Infrastructure']
410,SBAC,SBA Communications,0001034054,Real Estate,Telecom Tower REITs,Engineering And Construction Services,"['Environmental Impacts of Project Development', 'Lifecycle Impacts of Buildings & Infrastructure']"
411,SLB,Schlumberger,0000087347,Energy,Oil & Gas Equipment & Services,Oil And Gas Services,"['Emissions Reduction Services & Fuels Management', 'Water Management Services', 'Chemicals Management', 'Ecological Impact Management']"
412,STX,Seagate Technology,0001137789,Information Technology,"Technology Hardware, Storage & Peripherals",Hardware,['Product Lifecycle Management']
413,SRE,Sempra Energy,0001032208,Utilities,Multi-Utilities,Gas Utilities And Distributors,[]
414,NOW,ServiceNow,0001373715,Information Technology,Systems Software,Inexistant,
415,SHW,Sherwin-Williams,0000089800,Materials,Specialty Chemicals,Apparel Accessories And Footwear,"['Management of Chemicals in Products', 'Environmental Impacts in the Supply Chain']"
416,SPG,Simon Property Group,0001063761,Real Estate,Retail REITs,Real Estate,"['Energy Management', 'Water Management', 'Management of Tenant Sustainability Impacts']"
417,SWKS,Skyworks Solutions,0000004127,Information Technology,Semiconductors,Semiconductors,"['Water Management', 'Greenhouse Gas Emissions', 'Waste Management', 'Product Lifecycle Management', 'Energy Management in Manufacturing']"
418,SJM,J.M. Smucker Company (The),0000091419,Consumer Staples,Packaged Foods & Meats,Inexistant,
419,SNA,Snap-on,0000091440,Industrials,Industrial Machinery & Supplies & Components,Industrial Machinery And Goods,"['Energy Management', 'Fuel Economy & Emissions in Use-phase']"
420,SOLV,Solventum,0001964738,Health Care,Health Care Technology,Inexistant,
421,SO,Southern Company,0000092122,Utilities,Electric Utilities,Commercial Banks,"['Financed Emissions', 'Incorporation of Environmental, Social, and Governance Factors in Credit Analysis']"
422,LUV,Southwest Airlines,0000092380,Industrials,Passenger Airlines,Airlines,['Greenhouse Gas Emissions']
423,SWK,Stanley Black & Decker,0000093556,Industrials,Industrial Machinery & Supplies & Components,Industrial Machinery And Goods,"['Energy Management', 'Fuel Economy & Emissions in Use-phase']"
424,SBUX,Starbucks,0000829224,Consumer Discretionary,Restaurants,Restaurants,"['Water Management', 'Food & Packaging Waste Management', 'Energy Management']"
425,STT,State Street Corporation,0000093751,Financials,Asset Management & Custody Banks,Asset Management And Custody Activities,"['Financed Emissions', 'Incorporation of Environmental, Social, and Governance Factors in Investment Management & Advisory']"
426,STLD,Steel Dynamics,0001022671,Materials,Steel,Iron And Steel Producers,"['Water Management', 'Greenhouse Gas Emissions', 'Waste Management', 'Energy Management']"
427,STE,Steris,0001757898,Health Care,Health Care Equipment,Medical Equipment And Supplies,['Product Design & Lifecycle Management']
428,SYK,Stryker Corporation,0000310764,Health Care,Health Care Equipment,Medical Equipment And Supplies,['Product Design & Lifecycle Management']
429,SMCI,Supermicro,0001375365,Information Technology,"Technology Hardware, Storage & Peripherals",Hardware,['Product Lifecycle Management']
430,SYF,Synchrony Financial,0001601712,Financials,Consumer Finance,Consumer Finance,[]
431,SNPS,Synopsys,0000883241,Information Technology,Application Software,Software And It Services,['Environmental Footprint of Hardware Infrastructure']
432,SYY,Sysco,0000096021,Consumer Staples,Food Distributors,Food Retailers And Distributors,"['Air Emissions from Refrigeration', 'Energy Management', 'Fleet Fuel Management', 'Management of Environmental & Social Impacts in the Supply Chain', 'Food Waste Management']"
433,TMUS,T-Mobile US,0001283699,Communication Services,Wireless Telecommunication Services,Telecommunication Services,['Environmental Footprint of Operations']
434,TROW,T. Rowe Price,0001113169,Financials,Asset Management & Custody Banks,Asset Management And Custody Activities,"['Financed Emissions', 'Incorporation of Environmental, Social, and Governance Factors in Investment Management & Advisory']"
435,TTWO,Take-Two Interactive,0000946581,Communication Services,Interactive Home Entertainment,Software And It Services,['Environmental Footprint of Hardware Infrastructure']
436,TPR,"Tapestry, Inc.",0001116132,Consumer Discretionary,"Apparel, Accessories & Luxury Goods",Apparel Accessories And Footwear,"['Management of Chemicals in Products', 'Environmental Impacts in the Supply Chain']"
437,TRGP,Targa Resources,0001389170,Energy,Oil & Gas Storage & Transportation,Oil And Gas Midstream,"['Greenhouse Gas Emissions', 'Ecological Impacts']"
438,TGT,Target Corporation,0000027419,Consumer Staples,Consumer Staples Merchandise Retail,Multiline And Specialty Retailers And Distributors,['Energy Management in Retail & Distribution']
439,TEL,TE Connectivity,0001385157,Information Technology,Electronic Manufacturing Services,Electrical And Electronic Equipment,"['Product Lifecycle Management', 'Energy Management', 'Hazardous Waste Management']"
440,TDY,Teledyne Technologies,0001094285,Information Technology,Electronic Equipment & Instruments,Electrical And Electronic Equipment,"['Product Lifecycle Management', 'Energy Management', 'Hazardous Waste Management']"
441,TFX,Teleflex,0000096943,Health Care,Health Care Equipment,Medical Equipment And Supplies,['Product Design & Lifecycle Management']
442,TER,Teradyne,0000097210,Information Technology,Semiconductor Materials & Equipment,Semiconductors,"['Water Management', 'Greenhouse Gas Emissions', 'Waste Management', 'Product Lifecycle Management', 'Energy Management in Manufacturing']"
443,TSLA,"Tesla, Inc.",0001318605,Consumer Discretionary,Automobile Manufacturers,Automobiles,['Fuel Economy & Use-phase Emissions']
444,TXN,Texas Instruments,0000097476,Information Technology,Semiconductors,Semiconductors,"['Water Management', 'Greenhouse Gas Emissions', 'Waste Management', 'Product Lifecycle Management', 'Energy Management in Manufacturing']"
445,TXT,Textron,0000217346,Industrials,Aerospace & Defense,Aerospace And Defence,"['Energy Management', 'Fuel Economy & Emissions in Use-phase', 'Hazardous Waste Management']"
446,TMO,Thermo Fisher Scientific,0000097745,Health Care,Life Sciences Tools & Services,Medical Equipment And Supplies,['Product Design & Lifecycle Management']
447,TJX,TJX Companies,0000109198,Consumer Discretionary,Apparel Retail,Multiline And Specialty Retailers And Distributors,['Energy Management in Retail & Distribution']
448,TSCO,Tractor Supply,0000916365,Consumer Discretionary,Other Specialty Retail,Multiline And Specialty Retailers And Distributors,['Energy Management in Retail & Distribution']
449,TT,Trane Technologies,0001466258,Industrials,Building Products,Electrical And Electronic Equipment,"['Product Lifecycle Management', 'Energy Management', 'Hazardous Waste Management']"
450,TDG,TransDigm Group,0001260221,Industrials,Aerospace & Defense,Aerospace And Defence,"['Energy Management', 'Fuel Economy & Emissions in Use-phase', 'Hazardous Waste Management']"
451,TRV,Travelers Companies (The),0000086312,Financials,Property & Casualty Insurance,Insurance,"['Financed Emissions', 'Incorporation of Environmental, Social and Governance Factors in Investment Management']"
452,TRMB,Trimble Inc.,0000864749,Information Technology,Electronic Equipment & Instruments,Electrical And Electronic Equipment,"['Product Lifecycle Management', 'Energy Management', 'Hazardous Waste Management']"
453,TFC,Truist,0000092230,Financials,Regional Banks,Commercial Banks,"['Financed Emissions', 'Incorporation of Environmental, Social, and Governance Factors in Credit Analysis']"
454,TYL,Tyler Technologies,0000860731,Information Technology,Application Software,Software And It Services,['Environmental Footprint of Hardware Infrastructure']
455,TSN,Tyson Foods,0000100493,Consumer Staples,Packaged Foods & Meats,Meat Poultry And Dairy,"['Water Management', 'Land Use & Ecological Impacts', 'Greenhouse Gas Emissions', 'Energy Management', 'Environmental & Social Impacts of Animal Supply Chain']"
456,USB,U.S. Bank,0000036104,Financials,Diversified Banks,Commercial Banks,"['Financed Emissions', 'Incorporation of Environmental, Social, and Governance Factors in Credit Analysis']"
457,UBER,Uber,0001543151,Industrials,Passenger Ground Transportation,Internet Media And Services,['Environmental Footprint of Hardware Infrastructure']
458,UDR,"UDR, Inc.",0000074208,Real Estate,Multi-Family Residential REITs,Real Estate,"['Energy Management', 'Water Management', 'Management of Tenant Sustainability Impacts']"
459,ULTA,Ulta Beauty,0001403568,Consumer Discretionary,Other Specialty Retail,Multiline And Specialty Retailers And Distributors,['Energy Management in Retail & Distribution']
460,UNP,Union Pacific Corporation,0000100885,Industrials,Rail Transportation,Rail Transportation,['Greenhouse Gas Emissions']
461,UAL,United Airlines Holdings,0000100517,Industrials,Passenger Airlines,Airlines,['Greenhouse Gas Emissions']
462,UPS,United Parcel Service,0001090727,Industrials,Air Freight & Logistics,Air Freight And Logistics,['Greenhouse Gas Emissions']
463,URI,United Rentals,0001067701,Industrials,Trading Companies & Distributors,Industrial Machinery And Goods,"['Energy Management', 'Fuel Economy & Emissions in Use-phase']"
464,UNH,UnitedHealth Group,0000731766,Health Care,Managed Health Care,Managed Care,[]
465,UHS,Universal Health Services,0000352915,Health Care,Health Care Facilities,Health Care Delivery,"['Waste Management', 'Energy Management']"
466,VLO,Valero Energy,0001035002,Energy,Oil & Gas Refining & Marketing,Oil And Gas Refining And Marketing,"['Water Management', 'Greenhouse Gas Emissions', 'Product Specifications & Clean Fuel Blends']"
467,VTR,Ventas,0000740260,Real Estate,Health Care REITs,Real Estate,"['Energy Management', 'Water Management', 'Management of Tenant Sustainability Impacts']"
468,VLTO,Veralto,0001967680,Industrials,Environmental & Facilities Services,Inexistant,
469,VRSN,Verisign,0001014473,Information Technology,Internet Services & Infrastructure,Software And It Services,['Environmental Footprint of Hardware Infrastructure']
470,VRSK,Verisk,0001442145,Industrials,Research & Consulting Services,Professional And Commercial Services,[]
471,VZ,Verizon,0000732712,Communication Services,Integrated Telecommunication Services,Telecommunication Services,['Environmental Footprint of Operations']
472,VRTX,Vertex Pharmaceuticals,0000875320,Health Care,Biotechnology,Biotechnology And Pharmaceuticals,[]
473,VTRS,Viatris,0001792044,Health Care,Pharmaceuticals,Biotechnology And Pharmaceuticals,[]
474,VICI,Vici Properties,0001705696,Real Estate,Hotel & Resort REITs,Real Estate,"['Energy Management', 'Water Management', 'Management of Tenant Sustainability Impacts']"
475,V,Visa Inc.,0001403161,Financials,Transaction & Payment Processing Services,Software And It Services,['Environmental Footprint of Hardware Infrastructure']
476,VMC,Vulcan Materials Company,0001396009,Materials,Construction Materials,Construction Materials,"['Water Management', 'Biodiversity Impacts', 'Greenhouse Gas Emissions', 'Waste Management', 'Energy Management']"
477,WRB,Berkley,0000011544,Financials,Property & Casualty Insurance,Inexistant,
478,WAB,Wabtec,0000943452,Industrials,Construction Machinery & Heavy Transportation Equipment,Industrial Machinery And Goods,"['Energy Management', 'Fuel Economy & Emissions in Use-phase']"
479,WBA,Walgreens Boots Alliance,0001618921,Consumer Staples,Drug Retail,Drug Retailers,['Energy Management in Retail']
480,WMT,Walmart,0000104169,Consumer Staples,Consumer Staples Merchandise Retail,Inexistant,
481,DIS,Walt Disney,0001744489,Communication Services,Movies & Entertainment,Media And Entertainment,[]
482,WBD,Warner Bros. Discovery,0001437107,Communication Services,Broadcasting,Media And Entertainment,[]
483,WM,Waste Management,0000823768,Industrials,Environmental & Facilities Services,Waste Management,"['Greenhouse Gas Emissions', 'Fleet Fuel Management']"
484,WAT,Waters Corporation,0001000697,Health Care,Life Sciences Tools & Services,Medical Equipment And Supplies,['Product Design & Lifecycle Management']
485,WEC,WEC Energy Group,0000783325,Utilities,Electric Utilities,Electric Utilities And Power Generators,"['Water Management', 'Greenhouse Gas Emissions & Energy Resource Planning']"
486,WFC,Wells Fargo,0000072971,Financials,Diversified Banks,Commercial Banks,"['Financed Emissions', 'Incorporation of Environmental, Social, and Governance Factors in Credit Analysis']"
487,WELL,Welltower,0000766704,Real Estate,Health Care REITs,Real Estate,"['Energy Management', 'Water Management', 'Management of Tenant Sustainability Impacts']"
488,WST,West Pharmaceutical Services,0000105770,Health Care,Health Care Supplies,Medical Equipment And Supplies,['Product Design & Lifecycle Management']
489,WDC,Western Digital,0000106040,Information Technology,"Technology Hardware, Storage & Peripherals",Hardware,['Product Lifecycle Management']
490,WRK,WestRock,0001732845,Materials,Paper & Plastic Packaging Products & Materials,Non Alcoholic Beverages,"['Water Management', 'Energy Management', 'Fleet Fuel Management', 'Environmental & Social Impacts of Ingredient Supply Chain', 'Packaging Lifecycle Management']"
491,WY,Weyerhaeuser,0000106535,Real Estate,Timber REITs,Forestry Management,[]
492,WMB,Williams Companies,0000107263,Energy,Oil & Gas Storage & Transportation,Oil And Gas Midstream,"['Greenhouse Gas Emissions', 'Ecological Impacts']"
493,WTW,Willis Towers Watson,0001140536,Financials,Insurance Brokers,Insurance,"['Financed Emissions', 'Incorporation of Environmental, Social and Governance Factors in Investment Management']"
494,GWW,W. W. Grainger,0000277135,Industrials,Industrial Machinery & Supplies & Components,Multiline And Specialty Retailers And Distributors,['Energy Management in Retail & Distribution']
495,WYNN,Wynn Resorts,0001174922,Consumer Discretionary,Casinos & Gaming,Casinos And Gaming,['Energy Management']
496,XEL,Xcel Energy,0000072903,Utilities,Multi-Utilities,Electric Utilities And Power Generators,"['Water Management', 'Greenhouse Gas Emissions & Energy Resource Planning']"
497,XYL,Xylem Inc.,0001524472,Industrials,Industrial Machinery & Supplies & Components,Industrial Machinery And Goods,"['Energy Management', 'Fuel Economy & Emissions in Use-phase']"
498,YUM,Yum! Brands,0001041061,Consumer Discretionary,Restaurants,Restaurants,"['Water Management', 'Food & Packaging Waste Management', 'Energy Management']"
499,ZBRA,Zebra Technologies,0000877212,Information Technology,Electronic Equipment & Instruments,Hardware,['Product Lifecycle Management']
500,ZBH,Zimmer Biomet,0001136869,Health Care,Health Care Equipment,Medical Equipment And Supplies,['Product Design & Lifecycle Management']
501,ZTS,Zoetis,0001555280,Health Care,Pharmaceuticals,Biotechnology And Pharmaceuticals,[]
